Output,total_customer,percent
No,65,22.727272727272727
Yes,221,77.27272727272727
