Output,jumlah,persentase
Yes,301,77.57731958762886
No,87,22.422680412371136
